region_id	region_name	avg_balance	supplier_count
4	MIDDLE EAST              	4560.880092	20042
1	AMERICA                  	4542.714373	20051
3	EUROPE                   	4527.461293	20033
0	AFRICA                   	4492.057124	19837
2	ASIA                     	4467.858475	20037
