region_id	region_name	avg_balance	supplier_count
4	MIDDLE EAST	4560.88009280511	20042
1	AMERICA	4542.7143733479625	20051
3	EUROPE	4527.461293865123	20033
0	AFRICA	4492.057124565206	19837
2	ASIA	4467.858475819734	20037
